{"cameraMode":{"drawMode":0,"name":"Shaded","section":"Shading Mode"},"sceneLighting":true,"audioPlay":false,"sceneViewState":{"showFog":true,"showMaterialUpdate":false,"showSkybox":true,"showFlares":true,"showImageEffects":true,"showParticleSystems":true},"in2DMode":false,"pivot":{"x":5.6335954666137699,"y":3.5108470916748049,"z":-3.6340091228485109},"rotation":{"x":-0.14021973311901093,"y":-0.09283003211021424,"z":0.013205827213823796,"w":-0.9856706857681274},"size":3.954115152359009,"orthographic":false}